id,Gerou cópia de,Copiado de,Vencimento,Data de recebimento,Demonstrativo,Situação,Registro no Banco,Nome/Razão Social,CNPJ/CPF,Endereço,Estado,Bairro,CEP,Número,Complemento,Telefone (com DDD),E-mail do cliente,E-mail opcional,Nunca enviar e-mail para este cliente,Nunca enviar SMS para este cliente,Celular (DDD),Celular,Apelido/Nome Fantasia,Observações do Cliente,Criado por API,Cidade,Quantia Paga,Quantia,Link do boleto,Meta,Tipo de Multa,Porcentagem da multa,Valor da multa,Dias para multa,Tipo de Juro,Dias para juros,Tipo de desconto,Data limite para desconto,Valor do desconto,Porcentagem do desconto,Dias corridos para Baixa,Observações,Quantidade de pagamentos parciais,id da Carteira,Beneficiário,CNPJ/CPF do Beneficiário,Endereço do Beneficiário,Agência/Código do Beneficiário,Beneficiário final (Sacador/Avalista),CNPJ/CPF do Beneficiário final (Sacador/Avalista),Local de Pagamento,Instruções para o Caixa,Data do Documento,Tipo de Documento,Número do Documento,Aceite,Nosso Número Processado,Nosso Número Processado Original,Código da Carteira,Número da Agência,Dígito da Agência,Número da Conta,Dígito da Conta,Campo 1 da Carteira,Dígito do Campo 1 da Carteira,Campo 2 da Carteira,Dígito do Campo 2 da Carteira,Linha Digitável,Nosso Número,Assinatura,Parcela,Carnê,URL do Carnê,Modelo,Criado em,Atualizado em,Etiquetas,Addons,Código de protesto,Código de baixa,Primeira instrução,Segunda instrução,Número do Beneficiário final (Sacador/Avalista),Bairro do Beneficiário final (Sacador/Avalista),Telefone (com DDD) do Beneficiário final (Sacador/Avalista),Cidade do Beneficiário final (Sacador/Avalista),Estado do Beneficiário final (Sacador/Avalista),CEP do Beneficiário final (Sacador/Avalista),Endereço do Beneficiário final (Sacador/Avalista),Complemento do Beneficiário final (Sacador/Avalista),Registrado em,Impedir registro,id do Cliente,Número de controle,Dias corridos para Protesto,Porcentagem de juros,Valor de juros,Tipo de Dias para juros,Contato,Nome do arquivo anexo,Tipo de Impressão,Tipo de Cobrança,Dias corridos para Negativação,Conta Destinatária,URL do Whatsapp,Cancelado Por,Motivo Cancelamento,Situação da Restrição de Crédito,Nunca enviar este boleto por WhatsApp,Tipo de Dias para Protesto
52577290,,,2025-03-06,,,Gerando,Requisitado,CASSIO TEIXEIRA JARDIM,192.004.018-80,RUA OTTO SCHUBART,SP,VILA PINHEIRO,13630295,0,BL 5 APT53,,cassiojardim12@gmail.com,,Não,Não,,,,,Não,PIRASSUNUNGA,0.0,857.71,https://bole.to/2/znvejkgq,,0,,,,0,,0,,,,,,1,11473,SF3 QUATA FUNDO DE INVESTIMENTO EM DIREITOS CREDITORIOS,55.768.218/0001-82,"PAULISTA, 1793, BELA VISTA, SAO PAULO, SP, 13112000",3395-2 / 0003960-8,SF3 QUATA FUNDO DE INVESTIMENTOS,55.768.218/0001-82,Pagável em qualquer banco até a data de vencimento.,,,Outros,8500000683,N,09/85000006831-0,09850000068310,bradesco-bs-09,3395,2,3960,8,,,,,23793.39506 98500.000686 31000.396007 2 10120000085771,85000006831,,,,,,2025-03-06,2025-03-06,"",,,,,,1793,Santana,,Sao Paulo,SP,01311200,PAULISTA,"",,Não,7502135,,,,,0,,,cliente,simples,,,https://app.kobana.com.br/boletos/52577290/whatsapp,,,,Não,
52577228,,,2025-03-10,,,Gerando,Requisitado,DIEGO SILVA DE SOUZA,461.613.028-02,AVENIDA ETORE QUARANTA,SP,CJ H O FONSECA,14180000,0,"",,diegosilva3112002@gmail.com,,Não,Não,,,,,Não,PONTAL,0.0,1073.37,https://bole.to/2/pprygzpp,,0,,,,0,,0,,,,,,1,11473,SF3 QUATA FUNDO DE INVESTIMENTO EM DIREITOS CREDITORIOS,55.768.218/0001-82,"PAULISTA, 1793, BELA VISTA, SAO PAULO, SP, 13112000",3395-2 / 0003960-8,SF3 QUATA FUNDO DE INVESTIMENTOS,55.768.218/0001-82,Pagável em qualquer banco até a data de vencimento.,,,Outros,8500000683,N,09/85000006830-2,09850000068302,bradesco-bs-09,3395,2,3960,8,,,,,23793.39506 98500.000686 30000.396009 5 10160000107337,85000006830,,,,,,2025-03-06,2025-03-06,"",,,,,,1793,Santana,,Sao Paulo,SP,01311200,PAULISTA,"",,Não,7331617,,,,,0,,,cliente,simples,,,https://app.kobana.com.br/boletos/52577228/whatsapp,,,,Não,
52577027,,,2025-03-10,,,Gerando,Requisitado,DIEGO SILVA DE SOUZA,461.613.028-02,AVENIDA ETORE QUARANTA,SP,CJ H O FONSECA,14180000,0,"",,diegosilva3112002@gmail.com,,Não,Não,,,,,Não,PONTAL,0.0,1073.37,https://bole.to/2/gvydpblj,,0,,,,0,,0,,,,,,1,11473,SF3 QUATA FUNDO DE INVESTIMENTO EM DIREITOS CREDITORIOS,55.768.218/0001-82,"PAULISTA, 1793, BELA VISTA, SAO PAULO, SP, 13112000",3395-2 / 0003960-8,SF3 QUATA FUNDO DE INVESTIMENTOS,55.768.218/0001-82,Pagável em qualquer banco até a data de vencimento.,,,Outros,8500000682,N,09/85000006829-9,09850000068299,bradesco-bs-09,3395,2,3960,8,,,,,23793.39506 98500.000686 29000.396001 1 10160000107337,85000006829,,,,,,2025-03-06,2025-03-06,"",,,,,,1793,Santana,,Sao Paulo,SP,01311200,PAULISTA,"",,Não,7331617,,,,,0,,,cliente,simples,,,https://app.kobana.com.br/boletos/52577027/whatsapp,,,,Não,
52576494,,,2025-03-07,,,Gerando,Requisitado,RODRIGO ALVES DA SILVA ,034.218.516-03,RUA DOMINGOS GONTIJO,MG,VILA FERREIRA,35572120,0,"",,ras181277@gmail.com,,Não,Não,,,,,Não,FORMIGA,0.0,620.06,https://bole.to/2/lkqryywe,,0,,,,0,,0,,,,,,1,11473,SF3 QUATA FUNDO DE INVESTIMENTO EM DIREITOS CREDITORIOS,55.768.218/0001-82,"PAULISTA, 1793, BELA VISTA, SAO PAULO, SP, 13112000",3395-2 / 0003960-8,SF3 QUATA FUNDO DE INVESTIMENTOS,55.768.218/0001-82,Pagável em qualquer banco até a data de vencimento.,,,Outros,8500000682,N,09/85000006826-4,09850000068264,bradesco-bs-09,3395,2,3960,8,,,,,23793.39506 98500.000686 26000.396007 4 10130000062006,85000006826,,,,,,2025-03-06,2025-03-06,"",,,,,,1793,Santana,,Sao Paulo,SP,01311200,PAULISTA,"",,Não,7313867,,,,,0,,,cliente,simples,,,https://app.kobana.com.br/boletos/52576494/whatsapp,,,,Não,
52575486,,,2025-03-10,,,Gerando,Requisitado,MARCELO SANTOS VIANA,299.287.998-30,RUA JOSE BONIFACIO,SP,JARDIM PLANALTO,15603496,0,"",,marcelovianaz@yahoo.com.br,,Não,Não,,,,,Não,FERNANDOPOLIS,0.0,517.72,https://bole.to/2/ddwvpgly,,0,,,,0,,0,,,,,,1,11473,SF3 QUATA FUNDO DE INVESTIMENTO EM DIREITOS CREDITORIOS,55.768.218/0001-82,"PAULISTA, 1793, BELA VISTA, SAO PAULO, SP, 13112000",3395-2 / 0003960-8,SF3 QUATA FUNDO DE INVESTIMENTOS,55.768.218/0001-82,Pagável em qualquer banco até a data de vencimento.,,,Outros,8500000682,N,09/85000006821-3,09850000068213,bradesco-bs-09,3395,2,3960,8,,,,,23793.39506 98500.000686 21000.396008 5 10160000051772,85000006821,,,,,,2025-03-06,2025-03-06,"",,,,,,1793,Santana,,Sao Paulo,SP,01311200,PAULISTA,"",,Não,7594612,,,,,0,,,cliente,simples,,,https://app.kobana.com.br/boletos/52575486/whatsapp,,,,Não,
52575034,,,2025-03-12,,,Gerando,Requisitado,JOSENILTON SANTOS PEREIRA,259.630.358-21,R HENRIQUE MESSIAS DE SOUZA,SP,CENTRO,16700000,0,"",,santospereirajosenilton848@gmail.com,,Não,Não,,,,,Não,GUARARAPES,0.0,745.09,https://bole.to/2/bnwgpwkv,,0,,,,0,,0,,,,,,1,11473,SF3 QUATA FUNDO DE INVESTIMENTO EM DIREITOS CREDITORIOS,55.768.218/0001-82,"PAULISTA, 1793, BELA VISTA, SAO PAULO, SP, 13112000",3395-2 / 0003960-8,SF3 QUATA FUNDO DE INVESTIMENTOS,55.768.218/0001-82,Pagável em qualquer banco até a data de vencimento.,,,Outros,8500000682,N,09/85000006820-5,09850000068205,bradesco-bs-09,3395,2,3960,8,,,,,23793.39506 98500.000686 20000.396000 4 10180000074509,85000006820,,,,,,2025-03-06,2025-03-06,"",,,,,,1793,Santana,,Sao Paulo,SP,01311200,PAULISTA,"",,Não,7512488,,,,,0,,,cliente,simples,,,https://app.kobana.com.br/boletos/52575034/whatsapp,,,,Não,
52574329,,,2025-03-11,,,Gerando,Requisitado,JULIANA MARIA R FERREIRA,075.645.659-26,R JOAO BATISTA PEGORINI,PR,CENTRO,85580000,0,CASA,,julianarodriguesferreira31@gmail.com,,Não,Não,,,,,Não,ITAPEJARA DOESTE,0.0,816.71,https://bole.to/2/wzbgwyyn,,0,,,,0,,0,,,,,,1,11473,SF3 QUATA FUNDO DE INVESTIMENTO EM DIREITOS CREDITORIOS,55.768.218/0001-82,"PAULISTA, 1793, BELA VISTA, SAO PAULO, SP, 13112000",3395-2 / 0003960-8,SF3 QUATA FUNDO DE INVESTIMENTOS,55.768.218/0001-82,Pagável em qualquer banco até a data de vencimento.,,,Outros,8500000681,N,09/85000006818-3,09850000068183,bradesco-bs-09,3395,2,3960,8,,,,,23793.39506 98500.000686 18000.396004 9 10170000081671,85000006818,,,,,,2025-03-06,2025-03-06,"",,,,,,1793,Santana,,Sao Paulo,SP,01311200,PAULISTA,"",,Não,7353657,,,,,0,,,cliente,simples,,,https://app.kobana.com.br/boletos/52574329/whatsapp,,,,Não,
52573345,,,2025-03-11,,,Gerando,Requisitado,ERICA MARQUES MENDES,607.572.583-01,RUA DOLORES B DE ARAUJO,SP,JD SANTA A MARILIA,17512157,0,"",,marquemendeserica@gmail.com,,Não,Não,,,,,Não,MARILIA,0.0,1195.11,https://bole.to/2/pprywdzv,,0,,,,0,,0,,,,,,1,11473,SF3 QUATA FUNDO DE INVESTIMENTO EM DIREITOS CREDITORIOS,55.768.218/0001-82,"PAULISTA, 1793, BELA VISTA, SAO PAULO, SP, 13112000",3395-2 / 0003960-8,SF3 QUATA FUNDO DE INVESTIMENTOS,55.768.218/0001-82,Pagável em qualquer banco até a data de vencimento.,,,Outros,8500000681,N,09/85000006813-2,09850000068132,bradesco-bs-09,3395,2,3960,8,,,,,23793.39506 98500.000686 13000.396005 8 10170000119511,85000006813,,,,,,2025-03-06,2025-03-06,"",,,,,,1793,Santana,,Sao Paulo,SP,01311200,PAULISTA,"",,Não,7405814,,,,,0,,,cliente,simples,,,https://app.kobana.com.br/boletos/52573345/whatsapp,,,,Não,
52573287,,,2025-03-06,,,Gerando,Requisitado,JULIANO CESAR GONCALVES LOURENCO,273.420.958-69,RUA GONCALVES LEDO,SP,PALMITAL,17510410,0,"",,julianoofficiallik@gmail.com,,Não,Não,,,,,Não,MARILIA,0.0,901.13,https://bole.to/2/jkwrqljn,,0,,,,0,,0,,,,,,1,11473,SF3 QUATA FUNDO DE INVESTIMENTO EM DIREITOS CREDITORIOS,55.768.218/0001-82,"PAULISTA, 1793, BELA VISTA, SAO PAULO, SP, 13112000",3395-2 / 0003960-8,SF3 QUATA FUNDO DE INVESTIMENTOS,55.768.218/0001-82,Pagável em qualquer banco até a data de vencimento.,,,Outros,8500000681,N,09/85000006812-4,09850000068124,bradesco-bs-09,3395,2,3960,8,,,,,23793.39506 98500.000686 12000.396007 1 10120000090113,85000006812,,,,,,2025-03-06,2025-03-06,"",,,,,,1793,Santana,,Sao Paulo,SP,01311200,PAULISTA,"",,Não,7314647,,,,,0,,,cliente,simples,,,https://app.kobana.com.br/boletos/52573287/whatsapp,,,,Não,
52572978,,,2025-03-06,,,Gerando,Requisitado,TAINARA PEREIRA	,115.569.229-22,FRANCISCO JLOLIVEIRA,SC,KREQUER,88240000,0,"",,taaypereira2408@gmail.com,,Não,Não,,,,,Não,SAO JOAO BATISTA,0.0,550.5,https://bole.to/2/gvydlzlv,,0,,,,0,,0,,,,,,1,11473,SF3 QUATA FUNDO DE INVESTIMENTO EM DIREITOS CREDITORIOS,55.768.218/0001-82,"PAULISTA, 1793, BELA VISTA, SAO PAULO, SP, 13112000",3395-2 / 0003960-8,SF3 QUATA FUNDO DE INVESTIMENTOS,55.768.218/0001-82,Pagável em qualquer banco até a data de vencimento.,,,Outros,8500000681,N,09/85000006811-6,09850000068116,bradesco-bs-09,3395,2,3960,8,,,,,23793.39506 98500.000686 11000.396009 9 10120000055050,85000006811,,,,,,2025-03-06,2025-03-06,"",,,,,,1793,Santana,,Sao Paulo,SP,01311200,PAULISTA,"",,Não,7599253,,,,,0,,,cliente,simples,,,https://app.kobana.com.br/boletos/52572978/whatsapp,,,,Não,
52572715,,,2025-03-10,,,Gerando,Requisitado,ANTONIO NONATO DE PAIVA,942.618.494-53,R MINAS GERAIS,SP,VILA MARIA,12209290,0,CASA,,antoniononato926@gmail.com,,Não,Não,,,,,Não,SAO JOSE DOS CAMPOS,0.0,517.3,https://bole.to/2/vygodvlb,,0,,,,2,30,0,,,,,,1,11473,SF3 QUATA FUNDO DE INVESTIMENTO EM DIREITOS CREDITORIOS,55.768.218/0001-82,"PAULISTA, 1793, BELA VISTA, SAO PAULO, SP, 13112000",3395-2 / 0003960-8,SF3 QUATA FUNDO DE INVESTIMENTOS,55.768.218/0001-82,Pagável em qualquer banco até a data de vencimento.,,,Outros,8500000681,N,09/85000006810-8,09850000068108,bradesco-bs-09,3395,2,3960,8,,,,,23793.39506 98500.000686 10000.396001 1 10160000051730,85000006810,,,,,,2025-03-06,2025-03-06,"",,,,,,1793,Santana,,Sao Paulo,SP,01311200,PAULISTA,"",,Não,7433324,,,,1.88,0,,,cliente,simples,,,https://app.kobana.com.br/boletos/52572715/whatsapp,,,,Não,
52572584,,,2025-03-12,,,Gerando,Requisitado,JOSENILTON SANTOS PEREIRA,259.630.358-21,R HENRIQUE MESSIAS DE SOUZA,SP,CENTRO,16700000,0,"",,santospereirajosenilton848@gmail.com,,Não,Não,,,,,Não,GUARARAPES,0.0,745.09,https://bole.to/2/kepzvazn,,0,,,,0,,0,,,,,,1,11473,SF3 QUATA FUNDO DE INVESTIMENTO EM DIREITOS CREDITORIOS,55.768.218/0001-82,"PAULISTA, 1793, BELA VISTA, SAO PAULO, SP, 13112000",3395-2 / 0003960-8,SF3 QUATA FUNDO DE INVESTIMENTOS,55.768.218/0001-82,Pagável em qualquer banco até a data de vencimento.,,,Outros,8500000680,N,09/85000006809-4,09850000068094,bradesco-bs-09,3395,2,3960,8,,,,,23793.39506 98500.000686 09000.396003 3 10180000074509,85000006809,,,,,,2025-03-06,2025-03-06,"",,,,,,1793,Santana,,Sao Paulo,SP,01311200,PAULISTA,"",,Não,7512488,,,,,0,,,cliente,simples,,,https://app.kobana.com.br/boletos/52572584/whatsapp,,,,Não,
52572577,,,2025-03-06,,,Gerando,Requisitado,TAINARA PEREIRA	,115.569.229-22,FRANCISCO JLOLIVEIRA,SC,KREQUER,88240000,0,"",,taaypereira2408@gmail.com,,Não,Não,,,,,Não,SAO JOAO BATISTA,0.0,550.5,https://bole.to/2/lkqrlvrw,,0,,,,0,,0,,,,,,1,11473,SF3 QUATA FUNDO DE INVESTIMENTO EM DIREITOS CREDITORIOS,55.768.218/0001-82,"PAULISTA, 1793, BELA VISTA, SAO PAULO, SP, 13112000",3395-2 / 0003960-8,SF3 QUATA FUNDO DE INVESTIMENTOS,55.768.218/0001-82,Pagável em qualquer banco até a data de vencimento.,,,Outros,8500000680,N,09/85000006808-6,09850000068086,bradesco-bs-09,3395,2,3960,8,,,,,23793.39506 98500.000686 08000.396005 9 10120000055050,85000006808,,,,,,2025-03-06,2025-03-06,"",,,,,,1793,Santana,,Sao Paulo,SP,01311200,PAULISTA,"",,Não,7599253,,,,,0,,,cliente,simples,,,https://app.kobana.com.br/boletos/52572577/whatsapp,,,,Não,
52572476,,,2025-03-10,,,Gerando,Requisitado,JOSE CLAUDIO DARDEGAN,083.473.428-14,RUA DONA BERTHA BANNWART,SP,CONJ HAB P E IMMOS,18708812,0,"",,dardegan2009@gmail.com,,Não,Não,,,,,Não,AVARE,0.0,1368.72,https://bole.to/2/ewqvkzze,,0,,,,0,,0,,,,,,1,11473,SF3 QUATA FUNDO DE INVESTIMENTO EM DIREITOS CREDITORIOS,55.768.218/0001-82,"PAULISTA, 1793, BELA VISTA, SAO PAULO, SP, 13112000",3395-2 / 0003960-8,SF3 QUATA FUNDO DE INVESTIMENTOS,55.768.218/0001-82,Pagável em qualquer banco até a data de vencimento.,,,Outros,8500000680,N,09/85000006807-8,09850000068078,bradesco-bs-09,3395,2,3960,8,,,,,23793.39506 98500.000686 07000.396007 3 10160000136872,85000006807,,,,,,2025-03-06,2025-03-06,"",,,,,,1793,Santana,,Sao Paulo,SP,01311200,PAULISTA,"",,Não,7773930,,,,,0,,,cliente,simples,,,https://app.kobana.com.br/boletos/52572476/whatsapp,,,,Não,
52572389,,,2025-03-12,,,Gerando,Requisitado,JOSENILTON SANTOS PEREIRA,259.630.358-21,R HENRIQUE MESSIAS DE SOUZA,SP,CENTRO,16700000,0,"",,santospereirajosenilton848@gmail.com,,Não,Não,,,,,Não,GUARARAPES,0.0,745.09,https://bole.to/2/yrkayowd,,0,,,,0,,0,,,,,,1,11473,SF3 QUATA FUNDO DE INVESTIMENTO EM DIREITOS CREDITORIOS,55.768.218/0001-82,"PAULISTA, 1793, BELA VISTA, SAO PAULO, SP, 13112000",3395-2 / 0003960-8,SF3 QUATA FUNDO DE INVESTIMENTOS,55.768.218/0001-82,Pagável em qualquer banco até a data de vencimento.,,,Outros,8500000680,N,09/85000006806-P,0985000006806P,bradesco-bs-09,3395,2,3960,8,,,,,23793.39506 98500.000686 06000.396009 9 10180000074509,85000006806,,,,,,2025-03-06,2025-03-06,"",,,,,,1793,Santana,,Sao Paulo,SP,01311200,PAULISTA,"",,Não,7512488,,,,,0,,,cliente,simples,,,https://app.kobana.com.br/boletos/52572389/whatsapp,,,,Não,
52572032,,,2025-03-06,,,Gerando,Requisitado,CASSIO TEIXEIRA JARDIM,192.004.018-80,RUA OTTO SCHUBART,SP,VILA PINHEIRO,13630295,0,BL 5 APT53,,cassiojardim12@gmail.com,,Não,Não,,,,,Não,PIRASSUNUNGA,0.0,857.71,https://bole.to/2/vygodzyl,,0,,,,0,,0,,,,,,1,11473,SF3 QUATA FUNDO DE INVESTIMENTO EM DIREITOS CREDITORIOS,55.768.218/0001-82,"PAULISTA, 1793, BELA VISTA, SAO PAULO, SP, 13112000",3395-2 / 0003960-8,SF3 QUATA FUNDO DE INVESTIMENTOS,55.768.218/0001-82,Pagável em qualquer banco até a data de vencimento.,,,Outros,8500000680,N,09/85000006805-1,09850000068051,bradesco-bs-09,3395,2,3960,8,,,,,23793.39506 98500.000686 05000.396001 3 10120000085771,85000006805,,,,,,2025-03-06,2025-03-06,"",,,,,,1793,Santana,,Sao Paulo,SP,01311200,PAULISTA,"",,Não,7502135,,,,,0,,,cliente,simples,,,https://app.kobana.com.br/boletos/52572032/whatsapp,,,,Não,
52571969,,,2025-03-06,,,Gerando,Requisitado,CLEUDIR LUIZ DE LIMA,121.695.358-96,AV JOSE DA SILVA SE,SP,PARQUE DA LIBERDADE,15056750,0,CASA 406 ,,cleudirluizdelimaluizdelima@gmail.com,,Não,Não,,,,,Não,SAO JOSE DO RIO PRETO,0.0,770.96,https://bole.to/2/ddwvknzj,,0,,,,0,,0,,,,,,1,11473,SF3 QUATA FUNDO DE INVESTIMENTO EM DIREITOS CREDITORIOS,55.768.218/0001-82,"PAULISTA, 1793, BELA VISTA, SAO PAULO, SP, 13112000",3395-2 / 0003960-8,SF3 QUATA FUNDO DE INVESTIMENTOS,55.768.218/0001-82,Pagável em qualquer banco até a data de vencimento.,,,Outros,8500000680,N,09/85000006804-3,09850000068043,bradesco-bs-09,3395,2,3960,8,,,,,23793.39506 98500.000686 04000.396004 1 10120000077096,85000006804,,,,,,2025-03-06,2025-03-06,"",,,,,,1793,Santana,,Sao Paulo,SP,01311200,PAULISTA,"",,Não,7552656,,,,,0,,,cliente,simples,,,https://app.kobana.com.br/boletos/52571969/whatsapp,,,,Não,
52570723,,,2025-03-06,,,Gerando,Requisitado,CLEUDIR LUIZ DE LIMA,121.695.358-96,AV JOSE DA SILVA SE,SP,PARQUE DA LIBERDADE,15056750,0,CASA 406 ,,cleudirluizdelimaluizdelima@gmail.com,,Não,Não,,,,,Não,SAO JOSE DO RIO PRETO,0.0,770.96,https://bole.to/2/nzljqern,,0,,,,0,,0,,,,,,1,11473,SF3 QUATA FUNDO DE INVESTIMENTO EM DIREITOS CREDITORIOS,55.768.218/0001-82,"PAULISTA, 1793, BELA VISTA, SAO PAULO, SP, 13112000",3395-2 / 0003960-8,SF3 QUATA FUNDO DE INVESTIMENTOS,55.768.218/0001-82,Pagável em qualquer banco até a data de vencimento.,,,Outros,8500000680,N,09/85000006802-7,09850000068027,bradesco-bs-09,3395,2,3960,8,,,,,23793.39506 98500.000686 02000.396008 5 10120000077096,85000006802,,,,,,2025-03-06,2025-03-06,"",,,,,,1793,Santana,,Sao Paulo,SP,01311200,PAULISTA,"",,Não,7552656,,,,,0,,,cliente,simples,,,https://app.kobana.com.br/boletos/52570723/whatsapp,,,,Não,
52570710,,,2025-03-06,,,Gerando,Requisitado,PAULO SERGIO DE MORAES MELO,257.091.018-00,RUA JACINTO FIORELLINI,SP,JARDIM ITAPEVA,09341000,0,"",,paulosergiodemoraesmelo@gmail.com,,Não,Não,,,,,Não,MAUA,0.0,893.59,https://bole.to/2/gvydljga,,0,,,,0,,0,,,,,,1,11473,SF3 QUATA FUNDO DE INVESTIMENTO EM DIREITOS CREDITORIOS,55.768.218/0001-82,"PAULISTA, 1793, BELA VISTA, SAO PAULO, SP, 13112000",3395-2 / 0003960-8,SF3 QUATA FUNDO DE INVESTIMENTOS,55.768.218/0001-82,Pagável em qualquer banco até a data de vencimento.,,,Outros,8500000680,N,09/85000006800-0,09850000068000,bradesco-bs-09,3395,2,3960,8,,,,,23793.39506 98500.000686 00000.396002 4 10120000089359,85000006800,,,,,,2025-03-06,2025-03-06,"",,,,,,1793,Santana,,Sao Paulo,SP,01311200,PAULISTA,"",,Não,7390323,,,,,0,,,cliente,simples,,,https://app.kobana.com.br/boletos/52570710/whatsapp,,,,Não,
52570691,,,2025-03-11,,,Gerando,Requisitado,PAULO VINICIUS OLIVEIRA CANTON,457.939.278-75,R MODESTO DE SOUSA,SP,PARQUE CRUZEIRO DO SUL,08070340,0,"",,oliveirarosiclair@hotmail.com,,Não,Não,,,,,Não,SAO PAULO,0.0,582.64,https://bole.to/2/nzljqenr,,0,,,,0,,0,,,,,,1,11473,SF3 QUATA FUNDO DE INVESTIMENTO EM DIREITOS CREDITORIOS,55.768.218/0001-82,"PAULISTA, 1793, BELA VISTA, SAO PAULO, SP, 13112000",3395-2 / 0003960-8,SF3 QUATA FUNDO DE INVESTIMENTOS,55.768.218/0001-82,Pagável em qualquer banco até a data de vencimento.,,,Outros,8500000679,N,09/85000006799-3,09850000067993,bradesco-bs-09,3395,2,3960,8,,,,,23793.39506 98500.000678 99000.396004 3 10170000058264,85000006799,,,,,,2025-03-06,2025-03-06,"",,,,,,1793,Santana,,Sao Paulo,SP,01311200,PAULISTA,"",,Não,7297596,,,,,0,,,cliente,simples,,,https://app.kobana.com.br/boletos/52570691/whatsapp,,,,Não,
52570665,,,2025-03-10,,,Gerando,Requisitado,GENILSON ALVES MARCOLINO,433.158.678-28,R WILSON NEME,SP,JARDIM GERSON FRANCA,17060830,0,"",,gealvestupi@gmail.com,,Não,Não,,,,,Não,BAURU,0.0,745.84,https://bole.to/2/qrypwawz,,0,,,,0,,0,,,,,,1,11473,SF3 QUATA FUNDO DE INVESTIMENTO EM DIREITOS CREDITORIOS,55.768.218/0001-82,"PAULISTA, 1793, BELA VISTA, SAO PAULO, SP, 13112000",3395-2 / 0003960-8,SF3 QUATA FUNDO DE INVESTIMENTOS,55.768.218/0001-82,Pagável em qualquer banco até a data de vencimento.,,,Outros,8500000679,N,09/85000006798-5,09850000067985,bradesco-bs-09,3395,2,3960,8,,,,,23793.39506 98500.000678 98000.396006 8 10160000074584,85000006798,,,,,,2025-03-06,2025-03-06,"",,,,,,1793,Santana,,Sao Paulo,SP,01311200,PAULISTA,"",,Não,7533731,,,,,0,,,cliente,simples,,,https://app.kobana.com.br/boletos/52570665/whatsapp,,,,Não,
52570637,,,2025-03-06,,,Gerando,Requisitado,WALLACYE FERNANDO DA SILVA MELLO,461.330.888-77,RUA JOVITA MARIA DA SILVA,SP,RESIDENCIAL BEATRIZ,16070603,0,"",,wallacyefernando@gmail.com,,Não,Não,,,,,Não,ARACATUBA,0.0,201.17,https://bole.to/2/onlowaaw,,0,,,,0,,0,,,,,,1,11473,SF3 QUATA FUNDO DE INVESTIMENTO EM DIREITOS CREDITORIOS,55.768.218/0001-82,"PAULISTA, 1793, BELA VISTA, SAO PAULO, SP, 13112000",3395-2 / 0003960-8,SF3 QUATA FUNDO DE INVESTIMENTOS,55.768.218/0001-82,Pagável em qualquer banco até a data de vencimento.,,,Outros,8500000679,N,09/85000006797-7,09850000067977,bradesco-bs-09,3395,2,3960,8,,,,,23793.39506 98500.000678 97000.396008 7 10120000020117,85000006797,,,,,,2025-03-06,2025-03-06,"",,,,,,1793,Santana,,Sao Paulo,SP,01311200,PAULISTA,"",,Não,7773833,,,,,0,,,cliente,simples,,,https://app.kobana.com.br/boletos/52570637/whatsapp,,,,Não,
52570332,,,2025-03-10,,,Gerando,Requisitado,GENILSON ALVES MARCOLINO,433.158.678-28,R WILSON NEME,SP,JARDIM GERSON FRANCA,17060830,0,"",,gealvestupi@gmail.com,,Não,Não,,,,,Não,BAURU,0.0,745.84,https://bole.to/2/vygodaal,,0,,,,0,,0,,,,,,1,11473,SF3 QUATA FUNDO DE INVESTIMENTO EM DIREITOS CREDITORIOS,55.768.218/0001-82,"PAULISTA, 1793, BELA VISTA, SAO PAULO, SP, 13112000",3395-2 / 0003960-8,SF3 QUATA FUNDO DE INVESTIMENTOS,55.768.218/0001-82,Pagável em qualquer banco até a data de vencimento.,,,Outros,8500000679,N,09/85000006796-9,09850000067969,bradesco-bs-09,3395,2,3960,8,,,,,23793.39506 98500.000678 96000.396000 1 10160000074584,85000006796,,,,,,2025-03-06,2025-03-06,"",,,,,,1793,Santana,,Sao Paulo,SP,01311200,PAULISTA,"",,Não,7533731,,,,,0,,,cliente,simples,,,https://app.kobana.com.br/boletos/52570332/whatsapp,,,,Não,
52570207,,,2025-03-06,,,Gerando,Requisitado,RAFAEL FERREIRA DA SILVA DANTAS,863.069.535-82,RUA GAMBOA,SP,PARAISO,09190670,0,"",,rafa2019dantas@gmail.com,,Não,Não,,,,,Não,SANTO ANDRE,0.0,422.41,https://bole.to/2/rzpnwpoz,,0,,,,2,30,0,,,,,,1,11473,SF3 QUATA FUNDO DE INVESTIMENTO EM DIREITOS CREDITORIOS,55.768.218/0001-82,"PAULISTA, 1793, BELA VISTA, SAO PAULO, SP, 13112000",3395-2 / 0003960-8,SF3 QUATA FUNDO DE INVESTIMENTOS,55.768.218/0001-82,Pagável em qualquer banco até a data de vencimento.,,,Outros,8500000679,N,09/85000006794-2,09850000067942,bradesco-bs-09,3395,2,3960,8,,,,,23793.39506 98500.000678 94000.396005 1 10120000042241,85000006794,,,,,,2025-03-06,2025-03-06,"",,,,,,1793,Santana,,Sao Paulo,SP,01311200,PAULISTA,"",,Não,7773803,,,,1.41,0,,,cliente,simples,,,https://app.kobana.com.br/boletos/52570207/whatsapp,,,,Não,
52569546,,,2025-03-10,,,Gerando,Requisitado,ARMELINDO PEREIRA DE CARVALHO,023.597.348-30,RUA JOAQUIM FERRAZ DE ALMEIDA,SP,RESIDENCIAL PORTAL DA PER,16208015,0,"",,armelindopereira044@gmail.com,,Não,Não,,,,,Não,BIRIGUI,0.0,861.6,https://bole.to/2/wzbgjyra,,0,,,,0,,0,,,,,,1,11473,SF3 QUATA FUNDO DE INVESTIMENTO EM DIREITOS CREDITORIOS,55.768.218/0001-82,"PAULISTA, 1793, BELA VISTA, SAO PAULO, SP, 13112000",3395-2 / 0003960-8,SF3 QUATA FUNDO DE INVESTIMENTOS,55.768.218/0001-82,Pagável em qualquer banco até a data de vencimento.,,,Outros,8500000679,N,09/85000006790-P,0985000006790P,bradesco-bs-09,3395,2,3960,8,,,,,23793.39506 98500.000678 90000.396003 1 10160000086160,85000006790,,,,,,2025-03-06,2025-03-06,"",,,,,,1793,Santana,,Sao Paulo,SP,01311200,PAULISTA,"",,Não,7773751,,,,,0,,,cliente,simples,,,https://app.kobana.com.br/boletos/52569546/whatsapp,,,,Não,
52569285,,,2025-03-10,,,Gerando,Requisitado,ARMELINDO PEREIRA DE CARVALHO,023.597.348-30,RUA JOAQUIM FERRAZ DE ALMEIDA,SP,RESIDENCIAL PORTAL DA PER,16208015,0,"",,armelindopereira044@gmail.com,,Não,Não,,,,,Não,BIRIGUI,0.0,861.6,https://bole.to/2/bnwgegzo,,0,,,,0,,0,,,,,,1,11473,SF3 QUATA FUNDO DE INVESTIMENTO EM DIREITOS CREDITORIOS,55.768.218/0001-82,"PAULISTA, 1793, BELA VISTA, SAO PAULO, SP, 13112000",3395-2 / 0003960-8,SF3 QUATA FUNDO DE INVESTIMENTOS,55.768.218/0001-82,Pagável em qualquer banco até a data de vencimento.,,,Outros,8500000678,N,09/85000006789-6,09850000067896,bradesco-bs-09,3395,2,3960,8,,,,,23793.39506 98500.000678 89000.396005 8 10160000086160,85000006789,,,,,,2025-03-06,2025-03-06,"",,,,,,1793,Santana,,Sao Paulo,SP,01311200,PAULISTA,"",,Não,7773751,,,,,0,,,cliente,simples,,,https://app.kobana.com.br/boletos/52569285/whatsapp,,,,Não,
52569254,,,2025-03-10,,,Gerando,Requisitado,ROSINEIDE CRISTINA FAVERO,109.303.978-78,R FREDERICO HERRERA,SP,PARQUE VIADUTO,17055140,0,"",,favero_rose@hotmail.com,,Não,Não,,,,,Não,BAURU,0.0,682.16,https://bole.to/2/onlowogp,,0,,,,0,,0,,,,,,1,11473,SF3 QUATA FUNDO DE INVESTIMENTO EM DIREITOS CREDITORIOS,55.768.218/0001-82,"PAULISTA, 1793, BELA VISTA, SAO PAULO, SP, 13112000",3395-2 / 0003960-8,SF3 QUATA FUNDO DE INVESTIMENTOS,55.768.218/0001-82,Pagável em qualquer banco até a data de vencimento.,,,Outros,8500000678,N,09/85000006788-8,09850000067888,bradesco-bs-09,3395,2,3960,8,,,,,23793.39506 98500.000678 88000.396007 9 10160000068216,85000006788,,,,,,2025-03-06,2025-03-06,"",,,,,,1793,Santana,,Sao Paulo,SP,01311200,PAULISTA,"",,Não,7629080,,,,,0,,,cliente,simples,,,https://app.kobana.com.br/boletos/52569254/whatsapp,,,,Não,
52569030,,,2025-03-11,,,Gerando,Requisitado,ANTONIO NONATO DE PAIVA,942.618.494-53,R MINAS GERAIS,SP,VILA MARIA,12209290,0,CASA,,antoniononato926@gmail.com,,Não,Não,,,,,Não,SAO JOSE DOS CAMPOS,0.0,552.8,https://bole.to/2/agvzljpk,,0,,,,0,,0,,,,,,1,11473,SF3 QUATA FUNDO DE INVESTIMENTO EM DIREITOS CREDITORIOS,55.768.218/0001-82,"PAULISTA, 1793, BELA VISTA, SAO PAULO, SP, 13112000",3395-2 / 0003960-8,SF3 QUATA FUNDO DE INVESTIMENTOS,55.768.218/0001-82,Pagável em qualquer banco até a data de vencimento.,,,Outros,8500000678,N,09/85000006787-P,0985000006787P,bradesco-bs-09,3395,2,3960,8,,,,,23793.39506 98500.000678 87000.396009 1 10170000055280,85000006787,,,,,,2025-03-06,2025-03-06,"",,,,,,1793,Santana,,Sao Paulo,SP,01311200,PAULISTA,"",,Não,7433324,,,,,0,,,cliente,simples,,,https://app.kobana.com.br/boletos/52569030/whatsapp,,,,Não,
52568766,,,2025-03-11,,,Gerando,Requisitado,ANTONIO NONATO DE PAIVA,942.618.494-53,R MINAS GERAIS,SP,VILA MARIA,12209290,0,CASA,,antoniononato926@gmail.com,,Não,Não,,,,,Não,SAO JOSE DOS CAMPOS,0.0,552.8,https://bole.to/2/vygoperp,,0,,,,0,,0,,,,,,1,11473,SF3 QUATA FUNDO DE INVESTIMENTO EM DIREITOS CREDITORIOS,55.768.218/0001-82,"PAULISTA, 1793, BELA VISTA, SAO PAULO, SP, 13112000",3395-2 / 0003960-8,SF3 QUATA FUNDO DE INVESTIMENTOS,55.768.218/0001-82,Pagável em qualquer banco até a data de vencimento.,,,Outros,8500000678,N,09/85000006786-1,09850000067861,bradesco-bs-09,3395,2,3960,8,,,,,23793.39506 98500.000678 86000.396001 1 10170000055280,85000006786,,,,,,2025-03-06,2025-03-06,"",,,,,,1793,Santana,,Sao Paulo,SP,01311200,PAULISTA,"",,Não,7433324,,,,,0,,,cliente,simples,,,https://app.kobana.com.br/boletos/52568766/whatsapp,,,,Não,
52568637,,,2025-03-06,,,Gerando,Requisitado,PAULO SERGIO DE MORAES MELO,257.091.018-00,RUA JACINTO FIORELLINI,SP,JARDIM ITAPEVA,09341000,0,"",,paulosergiodemoraesmelo@gmail.com,,Não,Não,,,,,Não,MAUA,0.0,893.59,https://bole.to/2/onlozdzk,,0,,,,0,,0,,,,,,1,11473,SF3 QUATA FUNDO DE INVESTIMENTO EM DIREITOS CREDITORIOS,55.768.218/0001-82,"PAULISTA, 1793, BELA VISTA, SAO PAULO, SP, 13112000",3395-2 / 0003960-8,SF3 QUATA FUNDO DE INVESTIMENTOS,55.768.218/0001-82,Pagável em qualquer banco até a data de vencimento.,,,Outros,8500000678,N,09/85000006785-3,09850000067853,bradesco-bs-09,3395,2,3960,8,,,,,23793.39506 98500.000678 85000.396003 7 10120000089359,85000006785,,,,,,2025-03-06,2025-03-06,"",,,,,,1793,Santana,,Sao Paulo,SP,01311200,PAULISTA,"",,Não,7390323,,,,,0,,,cliente,simples,,,https://app.kobana.com.br/boletos/52568637/whatsapp,,,,Não,
